{
  "accuracy": 0.9777777777777777,
  "precision": 0.0,
  "recall": 0.0,
  "f1": 0.0,
  "confusion_matrix": [
    [
      44,
      0
    ],
    [
      1,
      0
    ]
  ],
  "decision_threshold": 0.55,
  "n_train": 133,
  "n_test": 45,
  "positive_rate": 0.028089887640449437
}
